id,category,type,question_zh_Hant,question_en,correct_zh_Hant,correct_en,source_id,source_title,url,section,timestamp_seconds,verification,checked
Q001,basics,choice,巴金森氏症主要屬於哪一類疾病？,Which description best fits Parkinson’s disease?,腦部疾病,A brain condition,WHO,Parkinson disease,https://www.who.int/news-room/fact-sheets/detail/parkinson-disease,Overview,,web-text,2026-10-09
Q002,basics,choice,關於巴金森氏症，哪個說法正確？,Which statement about Parkinson’s is correct?,它不是正常老化的必然結果,It is not an inevitable part of aging,WHO,Parkinson disease,https://www.who.int/news-room/fact-sheets/detail/parkinson-disease,Human rights,,web-text,2026-10-09
Q003,basics,choice,目前巴金森氏症治療的合理目標是什麼？,What is a realistic current treatment goal?,減輕症狀並改善生活功能,Reduce symptoms and improve function,WHO,Parkinson disease,https://www.who.int/news-room/fact-sheets/detail/parkinson-disease,Treatment and care,,web-text,2026-10-09
Q004,basics,choice,巴金森氏症常影響哪一類神經細胞？,Which neurons are prominently affected in PD?,製造多巴胺的神經細胞,Dopamine-producing neurons,WHAT,What is Parkinson’s?,https://www.parkinson.org/understanding-parkinsons/what-is-parkinsons,Parkinson’s disease (PD),,web-text,2026-10-09
Q005,basics,choice,不同病友的症狀與進展通常如何？,How do symptoms and progression vary?,因人而異,They differ between people,WHAT,What is Parkinson’s?,https://www.parkinson.org/understanding-parkinsons/what-is-parkinsons,What are the symptoms of Parkinson’s disease?,,web-text,2026-10-09
Q006,basics,choice,目前對巴金森氏症原因的理解為何？,What best describes current understanding of PD causes?,可能涉及基因與環境等因素,Genes and environment may contribute,WHAT,What is Parkinson’s?,https://www.parkinson.org/understanding-parkinsons/what-is-parkinsons,Cause,,web-text,2026-10-09
Q007,basics,choice,多巴胺在動作控制中主要扮演什麼角色？,What role does dopamine play in movement?,傳遞腦內訊號,It carries brain signals,NINDS,Parkinson’s Disease,https://www.ninds.nih.gov/current-research/focus-disorders/parkinsons-disease-research/parkinsons-disease-challenges-progress-and-promise,PD and the brain,,web-text,2026-10-09
Q008,basics,choice,典型巴金森症狀起初可能呈現何種分布？,How may PD symptoms begin?,先在身體一側較明顯,More prominently on one side,NINDS,Parkinson’s Disease,https://www.ninds.nih.gov/current-research/focus-disorders/parkinsons-disease-research/parkinsons-disease-challenges-progress-and-promise,Symptoms of PD,,web-text,2026-10-09
Q009,basics,choice,哪個年齡描述較正確？,Which age statement is more accurate?,年輕人也可能罹患,Younger people can also develop PD,NINDS,Parkinson’s Disease,https://www.ninds.nih.gov/current-research/focus-disorders/parkinsons-disease-research/parkinsons-disease-challenges-progress-and-promise,Who is more likely to get Parkinson’s disease?,,web-text,2026-10-09
Q010,motor,choice,典型巴金森顫抖較常在哪種情況明顯？,When is typical Parkinson’s tremor more noticeable?,肢體放鬆休息時,When a limb is resting,TREMOR,Tremor,https://www.parkinson.org/understanding-parkinsons/movement-symptoms/tremor,Tremor,,web-text,2026-10-09
Q011,motor,choice,看到手抖，能否直接判定是巴金森氏症？,Does a hand tremor alone establish PD?,不能，其他疾病也會顫抖,No; other conditions also cause tremor,TREMOR,Tremor,https://www.parkinson.org/understanding-parkinsons/movement-symptoms/tremor,Tremor in Other Conditions,,web-text,2026-10-09
Q012,motor,choice,「動作遲緩」最接近哪個意思？,What does bradykinesia mean?,動作變慢且重複動作可能逐漸減弱,Movement slows and may diminish with repetition,SLOW,Bradykinesia (Slowness of Movement),https://www.parkinson.org/understanding-parkinsons/movement-symptoms/bradykinesia,Bradykinesia (Slowness of Movement),,web-text,2026-10-09
Q013,motor,choice,肌肉僵硬可能造成什麼影響？,What can rigidity cause?,活動範圍減少與痠痛,Reduced range of motion and aching,RIGID,Rigidity,https://www.parkinson.org/understanding-parkinsons/movement-symptoms/rigidity,Rigidity,,web-text,2026-10-09
Q014,motor,choice,病友走路突然凍結時，哪種協助較適當？,Which response may help during freezing of gait?,停穩後用節奏提示重新起步,Pause safely and use rhythmic cues,GAIT,Trouble Moving or Walking,https://www.parkinson.org/understanding-parkinsons/movement-symptoms/trouble-moving,Freezing Tips for Care Partners,,web-text,2026-10-09
Q015,nonmotor,choice,嗅覺減退是否一定代表巴金森氏症？,Does reduced smell necessarily mean PD?,不一定，還可能有其他原因,No; other causes are possible,SMELL,Loss of Smell,https://www.parkinson.org/understanding-parkinsons/non-movement-symptoms/loss-of-smell,Loss of Smell,,web-text,2026-10-09
Q016,nonmotor,choice,哪一項可能是巴金森的非動作症狀？,Which can be a non-motor PD symptom?,睡眠困難與白天嗜睡,Sleep problems and daytime sleepiness,SLEEP,Sleep Disorders & Problems,https://www.parkinson.org/understanding-parkinsons/non-movement-symptoms/sleep-disorders,What are the most common sleep issues related to Parkinson’s?,,web-text,2026-10-09
Q017,nonmotor,choice,病友持續低落或失去興趣時，較適合怎麼做？,What is appropriate for persistent low mood or lost interest?,告知醫療團隊接受評估,Tell the care team and seek assessment,DEPRESSION,Depression,https://www.parkinson.org/understanding-parkinsons/non-movement-symptoms/depression,Guidelines that can help you prevent or get treatment for depression,,web-text,2026-10-09
Q018,nonmotor,choice,「冷漠／動機缺乏」較符合哪個描述？,Which description fits apathy?,做事興趣與動機減少,Reduced interest and motivation,APATHY,Apathy,https://www.parkinson.org/understanding-parkinsons/non-movement-symptoms/apathy,Apathy,,web-text,2026-10-09
Q019,nonmotor,choice,巴金森相關認知變化可能影響哪一項？,What can PD-related cognitive change affect?,注意力與規劃能力,Attention and planning,COGNITION,Cognitive Changes,https://www.parkinson.org/understanding-parkinsons/non-movement-symptoms/cognitive,Cognitive Changes,,web-text,2026-10-09
Q020,nonmotor,choice,出現看到不存在事物的情況，較適合怎麼做？,What should someone do about seeing things that are not there?,向醫療團隊反映,Report it to the care team,HALLUCINATION,Hallucinations/Delusions,https://www.parkinson.org/understanding-parkinsons/non-movement-symptoms/hallucinations-delusions,Hallucinations/Delusions,,web-text,2026-10-09
Q021,nonmotor,choice,巴金森氏症與便祕的關係，何者正確？,Which statement about constipation and PD is correct?,便祕可能在動作症狀前出現,Constipation may precede motor symptoms,CONSTIPATION,Constipation & Nausea,https://www.parkinson.org/understanding-parkinsons/non-movement-symptoms/constipation,Constipation,,web-text,2026-10-09
Q022,daily-care,choice,一般便祕照護較合理的方向為何？,What is a reasonable general approach to constipation?,與團隊討論纖維、水分及活動,"Discuss fiber, fluids and activity with the team",CONSTIPATION,Constipation & Nausea,https://www.parkinson.org/understanding-parkinsons/non-movement-symptoms/constipation,How to avoid constipation,,web-text,2026-10-09
Q023,nonmotor,choice,巴金森氏症可能造成哪種說話改變？,Which speech change can occur in PD?,音量變小或語調較平,A softer or more monotone voice,SPEECH,Speech & Swallowing in Parkinson’s,https://www.parkinson.org/library/fact-sheets/speech-swallowing,Speech Issues in Parkinson’s,,web-text,2026-10-09
Q024,daily-care,choice,食物或液體進入肺部可能造成什麼風險？,What risk can arise when food or liquid enters the lungs?,吸入性肺炎,Aspiration pneumonia,SPEECH,Speech & Swallowing in Parkinson’s,https://www.parkinson.org/library/fact-sheets/speech-swallowing,Swallowing Issues in Parkinson’s,,web-text,2026-10-09
Q025,nonmotor,choice,站起時血壓出現達到診斷標準的持續下降，稱為什麼？,"What is a sustained, clinically significant blood-pressure drop on standing called?",姿勢性低血壓,Orthostatic hypotension,BP,Low Blood Pressure and PD,https://www.parkinson.org/library/fact-sheets/blood-pressure,Low Blood Pressure and PD,,web-text,2026-10-09
Q026,daily-care,choice,站起後覺得快昏倒時，較安全的立即做法是什麼？,What is safer when standing makes you feel faint?,立即坐下並尋求協助,Sit down promptly and seek help,BP,Low Blood Pressure and PD,https://www.parkinson.org/library/fact-sheets/blood-pressure,Managing Orthostatic Hypotension,,web-text,2026-10-09
Q027,diagnosis,choice,巴金森氏症診斷主要依靠什麼？,What mainly supports a clinical PD diagnosis?,病史、症狀與神經學檢查,"History, symptoms and neurological examination",DIAGNOSIS,Getting Diagnosed,https://www.parkinson.org/understanding-parkinsons/getting-diagnosed,How is Parkinson’s disease diagnosed?,,web-text,2026-10-09
Q028,diagnosis,choice,DaTscan主要提供哪類資訊？,What information does a DaTscan mainly provide?,腦內多巴胺系統功能相關影像,Imaging related to dopamine-system function,DIAGNOSIS,Getting Diagnosed,https://www.parkinson.org/understanding-parkinsons/getting-diagnosed,What is a DaTscan and what role does it play in a Parkinson’s diagnosis?,,web-text,2026-10-09
Q029,diagnosis,choice,DaTscan能否可靠區分巴金森氏症與所有非典型巴金森症？,Can DaTscan reliably distinguish PD from all atypical parkinsonisms?,不能，仍需專業臨床判斷,No; clinical judgment is still needed,NINDS,Parkinson’s Disease,https://www.ninds.nih.gov/current-research/focus-disorders/parkinsons-disease-research/parkinsons-disease-challenges-progress-and-promise,Diagnosing PD,,web-text,2026-10-09
Q030,diagnosis,choice,帶有巴金森風險基因變異代表什麼？,What does carrying a PD risk variant mean?,風險可能增加但不等於必然發病,Risk may rise without certainty of disease,GENETICS,Understanding Parkinson's and Genetics,https://www.michaeljfox.org/news/parkinsons-genetics,Genetic Risk for Parkinson’s Disease,,web-text,2026-10-09
Q031,research,choice,研究巴金森成因時，何者較合理？,Which approach better reflects PD-cause research?,考慮基因、環境與老化的交互作用,"Consider genes, environment and aging together",CAUSES,What Causes Parkinson's Disease?,https://www.michaeljfox.org/causes,Combination of Factors,,web-text,2026-10-09
Q032,treatment,choice,左旋多巴進入腦部後可轉換成什麼？,What can levodopa become in the brain?,多巴胺,Dopamine,LEVODOPA,Levodopa,https://www.parkinson.org/living-with-parkinsons/treatment/prescription-medications/levodopa,Quick Facts,,web-text,2026-10-09
Q033,treatment,choice,左旋多巴常與卡比多巴合用的一項目的為何？,Why is carbidopa often combined with levodopa?,減少噁心等周邊作用,Reduce peripheral effects such as nausea,LEVODOPA,Levodopa,https://www.parkinson.org/living-with-parkinsons/treatment/prescription-medications/levodopa,Quick Facts,,web-text,2026-10-09
Q034,treatment,choice,哪類藥物特別需要留意衝動控制問題？,Which drug class particularly warrants monitoring for impulse-control problems?,多巴胺促效劑,Dopamine agonists,IMPULSE,Impulse Control,https://www.parkinson.org/living-with-parkinsons/emotional-mental-health/impulse-control,Parkinson’s Medications and Impulse Control,,web-text,2026-10-09
Q035,daily-care,choice,用藥後出現難以控制的購物或賭博，應如何處理？,What is appropriate for new uncontrollable shopping or gambling during treatment?,儘早告知醫師與可信任照護者,Tell the doctor and a trusted care partner promptly,IMPULSE,Impulse Control,https://www.parkinson.org/living-with-parkinsons/emotional-mental-health/impulse-control,What are Impulse Control Disorders?,,web-text,2026-10-09
Q036,treatment,choice,「Off期」通常指什麼？,What does “off” time refer to?,藥效不足時症狀再現或加重,Symptoms return or worsen as benefit wanes,OFF,Managing “Off” Time in Parkinson’s,https://www.parkinson.org/library/fact-sheets/managing-off-time,What is “off” time?,,web-text,2026-10-09
Q037,daily-care,choice,準備討論藥效波動時，哪項紀錄最有幫助？,Which record is useful when discussing fluctuating benefit?,症狀、服藥與用餐時間,"Symptoms, medication and meal timing",OFF,Managing “Off” Time in Parkinson’s,https://www.parkinson.org/library/fact-sheets/managing-off-time,How is “off” time managed?,,web-text,2026-10-09
Q038,treatment,choice,藥物相關「異動症」通常指什麼？,What are medication-related dyskinesias?,不自主、扭動或舞動樣動作,Involuntary writhing or dance-like movements,DYSKINESIA,Dyskinesia,https://www.parkinson.org/understanding-parkinsons/movement-symptoms/dyskinesia,Dyskinesia,,web-text,2026-10-09
Q039,treatment,choice,深部腦刺激術（DBS）的主要方式為何？,How does deep brain stimulation deliver treatment?,植入電極提供電刺激,Implanted electrodes deliver electrical stimulation,DBS,Deep Brain Stimulation (DBS),https://www.parkinson.org/living-with-parkinsons/treatment/surgical-treatment-options/deep-brain-stimulation,How DBS Works,,web-text,2026-10-09
Q040,daily-care,choice,較完整的運動計畫通常包含哪些方向？,Which set reflects a broad exercise program?,有氧、肌力、平衡與柔軟度,"Aerobic, strength, balance and flexibility",EXERCISE,Exercise,https://www.parkinson.org/living-with-parkinsons/treatment/exercise,What type of exercise should I do?,,web-text,2026-10-09
Q041,daily-care,choice,選擇巴金森運動時，較重要的原則是什麼？,Which principle matters when choosing exercise?,安全且能規律持續,Safety and consistent participation,EXERCISE,Exercise,https://www.parkinson.org/living-with-parkinsons/treatment/exercise,Exercise Tips,,web-text,2026-10-09
Q042,daily-care,choice,對活動能力受影響的病友，誰可協助建立運動計畫？,Who can help build an exercise plan when mobility is affected?,熟悉巴金森的物理治療師,A physical therapist familiar with PD,EXERCISE,Exercise,https://www.parkinson.org/living-with-parkinsons/treatment/exercise,What kinds of exercise programs are available?,,web-text,2026-10-09
Q043,daily-care,choice,步態與平衡訓練主要可找哪類專業人員？,Which professional commonly addresses gait and balance?,物理治療師,Physical therapist,REHAB,"Physical, Occupational & Speech Therapies",https://www.parkinson.org/living-with-parkinsons/treatment/physical-occupational-speech-therapies,Building Your Rehabilitation Team,,web-text,2026-10-09
Q044,daily-care,choice,穿衣、料理或居家環境調整，可找誰協助？,"Who can help adapt dressing, cooking and the home environment?",職能治療師,Occupational therapist,OT,Occupational Therapy & Parkinson’s,https://www.parkinson.org/library/fact-sheets/occupational-therapy,What Occupational Therapist Do,,web-text,2026-10-09
Q045,daily-care,choice,照護者協助日常活動時，較合適的目標是什麼？,What is a suitable goal when assisting daily activities?,提供適當協助並保留自主參與,Offer support while preserving participation,OT,Occupational Therapy & Parkinson’s,https://www.parkinson.org/library/fact-sheets/occupational-therapy,Occupational Therapy Supports Care Partners,,web-text,2026-10-09
Q046,daily-care,choice,說話及吞嚥困難通常需要哪類專業評估？,Who commonly evaluates speech and swallowing difficulties?,語言治療師,Speech-language therapist,SPEECH,Speech & Swallowing in Parkinson’s,https://www.parkinson.org/library/fact-sheets/speech-swallowing,Addressing Speech and Swallowing Issues,,web-text,2026-10-09
Q047,daily-care,choice,高蛋白餐與左旋多巴的關係，何者較正確？,Which statement about protein-rich meals and levodopa is accurate?,可能影響部分人的藥效，宜討論時程,They may affect benefit in some people; discuss timing,DIET,Nutrition and PD,https://www.parkinson.org/library/fact-sheets/nutrition,How Foods Affect PD Medication,,web-text,2026-10-09
Q048,daily-care,choice,飲食照護的基本方向為何？,What is a basic nutritional goal?,依需求維持均衡飲食,Maintain a balanced diet suited to needs,DIET,Nutrition and PD,https://www.parkinson.org/library/fact-sheets/nutrition,Nutrition and PD,,web-text,2026-10-09
Q049,daily-care,choice,照護者面對長期壓力時，較合理的做法是什麼？,What is reasonable when a care partner faces ongoing strain?,建立支持網絡並照顧自己,Build support and attend to personal well-being,CARER,For Care Partners,https://www.parkinson.org/resources-support/carepartners,Caring for the Care Partner,,web-text,2026-10-09
Q050,daily-care,choice,哪項居家改變可降低絆倒風險？,Which home change reduces tripping hazards?,移除走道雜物與鬆動地毯,Remove clutter and loose rugs,HOME,Home Safety,https://www.parkinson.org/living-with-parkinsons/management/activities-daily-living/home-safety,Home Safety Tour Checklist / Throughout the House,,web-text,2026-10-09
Q051,daily-care,choice,已跌倒或擔心跌倒時，較適合怎麼做？,What is appropriate after falls or concern about falling?,請團隊評估平衡、輔具與環境,"Seek assessment of balance, aids and surroundings",FALLS,Fall Prevention in Parkinson’s,https://www.parkinson.org/library/fact-sheets/fall-prevention,Reasons for Falls in Parkinson’s,,web-text,2026-10-09
Q052,daily-care,choice,住院時應主動提供哪項重要資料？,What should a person with PD provide during hospitalization?,完整藥單與平常服藥時刻,A complete medication list and usual schedule,HOSPITAL,Hospital Safety and Parkinson’s,https://www.parkinson.org/library/fact-sheets/hospital-safety,My Five Parkinson’s Care Needs,,web-text,2026-10-09
Q053,daily-care,choice,預先安排可信任住院陪伴者有何作用？,How can a trusted hospital care partner help?,協助傳達需求與確認照護資訊,Help communicate needs and care information,HOSPITAL,Hospital Safety and Parkinson’s,https://www.parkinson.org/library/fact-sheets/hospital-safety,Preparing for a Hospital Stay,,web-text,2026-10-09
Q054,daily-care,choice,擔心駕駛安全時，應依據什麼判斷？,What should guide concerns about driving safety?,個人能力與專業駕駛評估,Individual ability and a professional driving assessment,DRIVING,Driving,https://www.parkinson.org/living-with-parkinsons/management/activities-daily-living/driving,How do I know if I can drive safely?,,web-text,2026-10-09
Q055,nonmotor,choice,巴金森病友的疼痛可能如何產生？,What can contribute to pain in a person with PD?,肌肉僵硬、姿勢或神經等多種因素,"Rigidity, posture, nerves and other factors",PAIN,Pain,https://www.parkinson.org/understanding-parkinsons/non-movement-symptoms/pain,Understanding Pain,,web-text,2026-10-09
Q056,nonmotor,choice,疲勞與想睡覺的關係，何者較正確？,How do fatigue and sleepiness relate?,疲勞不一定伴隨想睡覺,Fatigue need not involve feeling sleepy,FATIGUE,Fatigue,https://www.parkinson.org/understanding-parkinsons/non-movement-symptoms/fatigue,Fatigue,,web-text,2026-10-09
Q057,nonmotor,choice,關於巴金森相關焦慮，何者正確？,Which statement about anxiety in PD is correct?,可能是可處理的非動作症狀,It can be a treatable non-motor symptom,ANXIETY,Anxiety,https://www.parkinson.org/understanding-parkinsons/non-movement-symptoms/anxiety,Understanding Anxiety in Parkinson’s,,web-text,2026-10-09
Q058,research,choice,參與臨床試驗的基本原則是什麼？,What is a basic principle of clinical-trial participation?,自願參加，可依程序退出,Participation is voluntary and withdrawal is possible,TRIALS,Clinical Trials,https://www.parkinson.org/living-with-parkinsons/treatment/clinical-trials,Clinical Trials Are a Personal Choice,,web-text,2026-10-09
Q059,research,choice,「知情同意」應包含什麼？,What should informed consent include?,研究目的、程序、已知風險與可能利益,"Purpose, procedures, known risks and potential benefits",TRIALS,Clinical Trials,https://www.parkinson.org/living-with-parkinsons/treatment/clinical-trials,What to Expect When You Participate in a Clinical Trial,,web-text,2026-10-09
Q060,research,choice,臨床試驗中的「安慰劑」通常是什麼？,What is a placebo in a clinical trial?,不含所研究活性治療的對照介入,A comparison intervention without the studied active treatment,TRIALS,Clinical Trials,https://www.parkinson.org/living-with-parkinsons/treatment/clinical-trials,Different Study Groups,,web-text,2026-10-09
Q061,diagnosis,choice,想了解遺傳檢測結果時，適合尋求誰的協助？,Who can help interpret genetic testing results?,醫師或遺傳諮詢專業人員,A doctor or genetic counselor,GENETICS,Understanding Parkinson's and Genetics,https://www.michaeljfox.org/news/parkinsons-genetics,Genetic Risk for Parkinson’s Disease,,web-text,2026-10-09
Q062,treatment,choice,腳趾持續蜷曲伴隨疼痛，可能屬於哪類動作問題？,Painful sustained toe curling may be what kind of movement problem?,肌張力不全,Dystonia,DYSTONIA,Dystonia,https://www.parkinson.org/understanding-parkinsons/movement-symptoms/dystonia,What is dystonia?,,web-text,2026-10-09
Q063,treatment,choice,兩位病友是否應使用完全相同的治療計畫？,Should two people with PD always receive identical treatment plans?,不應，需依症狀、目標與需求調整,"No; tailor treatment to symptoms, goals and needs",TREATMENT,Treatment,https://www.parkinson.org/living-with-parkinsons/treatment,How do Parkinson’s treatments work?,,web-text,2026-10-09
Q064,treatment,choice,考慮深部腦刺激術前，最需要哪項程序？,What is essential before considering DBS?,由專業團隊評估適應性與風險,Specialist assessment of suitability and risks,DBS,Deep Brain Stimulation (DBS),https://www.parkinson.org/living-with-parkinsons/treatment/surgical-treatment-options/deep-brain-stimulation,introductory paragraphs,,web-text,2026-10-09
Q065,daily-care,choice,浴室與樓梯增加何種設備有助安全？,Which additions can improve bathroom and stair safety?,適當扶手與照明,"Suitable grab bars, handrails and lighting",BALANCE,Postural Instability (Balance & Falls),https://www.parkinson.org/understanding-parkinsons/movement-symptoms/postural-instability,Home Safety Strategies,,web-text,2026-10-09
Q066,basics,fill,與巴金森動作症狀密切相關的化學傳訊物是「＿＿」。,The chemical messenger closely linked to PD movement symptoms is _____.,多巴胺|dopamine,dopamine,NINDS,Parkinson’s Disease,https://www.ninds.nih.gov/current-research/focus-disorders/parkinsons-disease-research/parkinsons-disease-challenges-progress-and-promise,PD and the brain,,web-text,2026-10-09
Q067,basics,fill,巴金森常影響腦內製造多巴胺的「＿＿」區域。,The dopamine-producing brain region prominently affected in PD is the _____.,黑質|substantia nigra,substantia nigra,WHAT,What is Parkinson’s?,https://www.parkinson.org/understanding-parkinsons/what-is-parkinsons,Parkinson’s disease (PD),,web-text,2026-10-09
Q068,motor,fill,bradykinesia的常用中文名稱是「＿＿」。,The medical term for slowness of movement is _____.,動作遲緩|動作緩慢|運動遲緩|动作迟缓|动作缓慢|运动迟缓,bradykinesia,SLOW,Bradykinesia (Slowness of Movement),https://www.parkinson.org/understanding-parkinsons/movement-symptoms/bradykinesia,Bradykinesia (Slowness of Movement),,web-text,2026-10-09
Q069,motor,fill,rigidity 的常用中文名稱是肌肉「＿＿」。,The medical term for muscle stiffness in PD is _____.,僵硬|強直|rigidity,rigidity|stiffness,RIGID,Rigidity,https://www.parkinson.org/understanding-parkinsons/movement-symptoms/rigidity,Rigidity,,web-text,2026-10-09
Q070,motor,fill,走路時雙腳像黏住地板的現象稱為步態「＿＿」。,"When the feet feel glued to the floor during walking, this is gait _____.",凍結|冻结|freezing,freezing,GAIT,Trouble Moving or Walking,https://www.parkinson.org/understanding-parkinsons/movement-symptoms/trouble-moving,Freezing Tips for Care Partners,,web-text,2026-10-09
Q071,nonmotor,fill,嗅覺減退的英文醫學名稱是「＿＿」。,The medical term for reduced smell is _____.,hyposmia,hyposmia,SMELL,Loss of Smell,https://www.parkinson.org/understanding-parkinsons/non-movement-symptoms/loss-of-smell,Loss of Smell,,web-text,2026-10-09
Q072,nonmotor,fill,吞嚥困難的英文醫學名稱是「＿＿」。,The medical term for swallowing difficulty is _____.,dysphagia,dysphagia,SPEECH,Speech & Swallowing in Parkinson’s,https://www.parkinson.org/library/fact-sheets/speech-swallowing,Swallowing Issues in Parkinson’s,,web-text,2026-10-09
Q073,nonmotor,fill,orthostatic hypotension的常用中文名稱是「＿＿」。,"A sustained, clinically significant blood-pressure drop on standing is called _____ hypotension.",姿勢性低血壓|姿位性低血壓|直立性低血壓|姿势性低血压,orthostatic|postural,BP,Low Blood Pressure and PD,https://www.parkinson.org/library/fact-sheets/blood-pressure,Low Blood Pressure and PD,,web-text,2026-10-09
Q074,treatment,fill,可在腦內轉換成多巴胺的常用藥物是「＿＿」。,The commonly used medicine converted to dopamine in the brain is _____.,左旋多巴|levodopa|L-dopa,levodopa|L-dopa|L dopa,LEVODOPA,Levodopa,https://www.parkinson.org/living-with-parkinsons/treatment/prescription-medications/levodopa,Quick Facts,,web-text,2026-10-09
Q075,treatment,fill,藥物效果減弱、症狀再現的時段，常稱為「＿＿」期。（填英文）,A period when medication benefit wanes and symptoms return is called “_____” time.,off|OFF,off,OFF,Managing “Off” Time in Parkinson’s,https://www.parkinson.org/library/fact-sheets/managing-off-time,What is “off” time?,,web-text,2026-10-09
Q076,treatment,fill,藥物相關的不自主扭動或舞動樣動作，稱為「＿＿症」。,The term for involuntary writhing or dance-like movements is _____.,異動|异动|異動症|不自主運動,dyskinesia|dyskinesias,DYSKINESIA,Dyskinesia,https://www.parkinson.org/understanding-parkinsons/movement-symptoms/dyskinesia,Dyskinesia,,web-text,2026-10-09
Q077,treatment,fill,深部腦刺激術的英文縮寫是「＿＿」。,The abbreviation for deep brain stimulation is _____.,DBS|dbs,DBS,DBS,Deep Brain Stimulation (DBS),https://www.parkinson.org/living-with-parkinsons/treatment/surgical-treatment-options/deep-brain-stimulation,How DBS Works,,web-text,2026-10-09
Q078,daily-care,fill,以步態、平衡與移位為重點的復健專業為「＿＿治療」。,"Therapy focused on gait, balance and transfers is _____ therapy.",物理|物理治療|物理治疗,physical|physiotherapy,REHAB,"Physical, Occupational & Speech Therapies",https://www.parkinson.org/living-with-parkinsons/treatment/physical-occupational-speech-therapies,Building Your Rehabilitation Team,,web-text,2026-10-09
Q079,daily-care,fill,協助調整穿衣、料理與居家活動的專業為「＿＿治療」。,"Therapy that adapts dressing, cooking and daily activities is _____ therapy.",職能|職能治療|职能|职能治疗|作業|作业|作業治療|作业治疗,occupational,OT,Occupational Therapy & Parkinson’s,https://www.parkinson.org/library/fact-sheets/occupational-therapy,What Occupational Therapist Do,,web-text,2026-10-09
Q080,daily-care,fill,協助溝通與吞嚥的專業人員是「＿＿治療師」。,A specialist in communication and swallowing is a speech-language _____.,語言|語言治療師|语言,pathologist|therapist,REHAB,"Physical, Occupational & Speech Therapies",https://www.parkinson.org/living-with-parkinsons/treatment/physical-occupational-speech-therapies,Building Your Rehabilitation Team,,web-text,2026-10-09
Q081,nonmotor,fill,lack of motivation所描述的動機缺乏，英文常稱為「＿＿」。,Reduced motivation and interest can be called _____.,apathy,apathy,APATHY,Apathy,https://www.parkinson.org/understanding-parkinsons/non-movement-symptoms/apathy,Apathy,,web-text,2026-10-09
Q082,nonmotor,fill,看見或聽見不存在事物的感知經驗稱為「＿＿」。,Perceiving something that is not present is a _____.,幻覺|幻觉|hallucination,hallucination,HALLUCINATION,Hallucinations/Delusions,https://www.parkinson.org/understanding-parkinsons/non-movement-symptoms/hallucinations-delusions,Hallucinations/Delusions,,web-text,2026-10-09
Q083,treatment,fill,持續或反覆肌肉扭轉、痙攣的動作問題稱為「＿＿」。,Sustained or repetitive muscle twisting and cramping is called _____.,肌張力不全|肌张力不全|dystonia,dystonia,DYSTONIA,Dystonia,https://www.parkinson.org/understanding-parkinsons/movement-symptoms/dystonia,What is dystonia?,,web-text,2026-10-09
Q084,motor,fill,姿勢不穩會增加「＿＿」（失去平衡而倒地的事件）的風險。,Postural instability increases the risk of _____ (unintentionally coming to rest on the ground).,跌倒|跌落|falls,falls|falling,BALANCE,Postural Instability (Balance & Falls),https://www.parkinson.org/understanding-parkinsons/movement-symptoms/postural-instability,Postural Instability (Balance & Falls),,web-text,2026-10-09
Q085,research,fill,參加研究前了解程序、風險與可能利益的過程稱為「＿＿同意」。,"Learning about study procedures, risks and potential benefits is part of _____ consent.",知情|知情同意,informed,TRIALS,Clinical Trials,https://www.parkinson.org/living-with-parkinsons/treatment/clinical-trials,What to Expect When You Participate in a Clinical Trial,,web-text,2026-10-09
Q086,association,choice,聰動成長協會緣起的病友團體與哪家醫院有關？,Which hospital is linked to SmartAction’s origins?,高雄長庚醫院,Kaohsiung Chang Gung Memorial Hospital,SA_ABOUT,關於我們／【聰‧動】的追求目標,association-original.html#section-f_4d301366-2038-4cbc-b926-b5c9762f11cd,關於我們,,local-document,2026-10-09
Q087,association,choice,協會名稱中「聰」主要呼應哪個服務關懷？,What concern does “Smart” in SmartAction’s stated mission relate to?,失智症者的認知關懷,Cognitive support for people with dementia,SA_ABOUT,關於我們／【聰‧動】的追求目標,association-original.html#section-f_4d301366-2038-4cbc-b926-b5c9762f11cd,【聰‧動】的追求目標,,local-document,2026-10-09
Q088,association,choice,協會名稱中「動」主要呼應哪一項？,What does “Action” in the stated mission emphasize?,巴金森病友的活動與參與,Activity and participation for people with Parkinson’s,SA_ABOUT,關於我們／【聰‧動】的追求目標,association-original.html#section-f_4d301366-2038-4cbc-b926-b5c9762f11cd,【聰‧動】的追求目標,,local-document,2026-10-09
Q089,association,choice,協會自述以哪個部門的立場整合資源？,Which sector does the association identify with when coordinating resources?,第三部門：非營利組織,The third sector: nonprofit organizations,SA_ABOUT,關於我們／【聰‧動】的追求目標,association-original.html#section-f_4d301366-2038-4cbc-b926-b5c9762f11cd,本會之任務如下／第二項,,local-document,2026-10-09
Q090,association,choice,協會的資源服務主要面向誰？,Who is a main audience for the association’s resource support?,神經退化性疾病病友及家庭,People with neurodegenerative conditions and families,SA_ABOUT,關於我們／【聰‧動】的追求目標,association-original.html#section-f_4d301366-2038-4cbc-b926-b5c9762f11cd,本會之任務如下／第一項,,local-document,2026-10-09
Q091,association,choice,哪個主題符合協會的權益倡議範圍？,Which topic fits the association’s advocacy mission?,醫療、生活與福利等權益,"Healthcare, daily life and welfare rights",SA_ABOUT,關於我們／【聰‧動】的追求目標,association-original.html#section-f_4d301366-2038-4cbc-b926-b5c9762f11cd,本會之任務如下／第三項,,local-document,2026-10-09
Q092,association,choice,哪個活動較符合協會的公共教育任務？,Which activity fits the association’s public-education mission?,分享疾病知識與病友交流,Share disease knowledge and community experiences,SA_ABOUT,關於我們／【聰‧動】的追求目標,association-original.html#section-f_4d301366-2038-4cbc-b926-b5c9762f11cd,本會之任務如下／第四至第七項,,local-document,2026-10-09
Q093,association,choice,協會運動講座摘要特別提醒運動前應做什麼？,What does the association’s exercise-event summary emphasize before exercise?,考量自身狀態與平衡風險並接受專業評估,Consider personal condition and balance risks with professional assessment,SA_EXERCISE,動起來，改寫巴金森氏病的未來,blog/33cb605cf06.html,重要備註,,local-document,2026-10-09
Q094,association,choice,該講座第三場介紹哪個地方的運動資源？,Which area’s exercise resources were introduced in the third listed talk?,高雄市,Kaohsiung City,SA_EXERCISE,動起來，改寫巴金森氏病的未來,blog/33cb605cf06.html,世界巴金森日系列講座,,local-document,2026-10-09
Q095,association,choice,保存的PD日記教學建議每隔多久記錄一次？,How often does the preserved PD diary tutorial suggest making entries?,每30分鐘,Every 30 minutes,SA_DIARY,PD日記,blog/parkinson-pd.html,使用說明,,local-document,2026-10-09
Q096,association,choice,該PD日記教學提醒至少記錄多少完整天數？,How many complete days does that diary tutorial suggest as a minimum?,2天,2 days,SA_DIARY,PD日記,blog/parkinson-pd.html,小提醒,,local-document,2026-10-09
Q097,association,choice,完成該日記的輸入後，教學提醒按哪個按鈕？,Which button does the diary tutorial remind users to press?,儲存,Save,SA_DIARY,PD日記,blog/parkinson-pd.html,最後記得按儲存,,local-document,2026-10-09
Q098,association,choice,依教學，完成用藥時刻表前須填妥哪兩類資料？,"According to the tutorial, what must be entered before completing the medication timetable?",各藥物的時間與劑量,Medication times and doses,SA_TIMETABLE,用藥時刻表設定,blog/parkinson-97a2b32d43c.html,用藥時刻表的使用說明,,local-document,2026-10-09
Q099,association,choice,在用藥分類找不到自己的藥物時，教學建議怎麼辦？,What does the tutorial recommend if a medication cannot be found?,向門診醫師詢問,Ask the treating doctor,SA_TIMETABLE,用藥時刻表設定,blog/parkinson-97a2b32d43c.html,備註三,,local-document,2026-10-09
Q100,association,choice,文章註明「已保存摘要；完整文章尚待補齊」時，應如何理解？,How should a page labeled “preserved summary; full article pending” be interpreted?,它是摘要，不能當作完整文章或影片逐字稿,"It is a summary, not a full article or video transcript",SA_APP,[總結說明] 病患使用說明 圖文教學,blog/parkinson-a92e4e924f9.html,以下為已保存的文章摘要；完整文章尚待補齊,,local-document,2026-10-09
